question,ai_response,reference_answer,expected_status
What is the capital of France?,"The capital city of France is Paris, located in north-central France along the Seine River.","The capital city of France is Paris, located in north-central France along the Seine River.",valid
What is the chemical formula for water?,"The chemical formula for water is H2O, indicating each molecule contains two hydrogen atoms and one oxygen atom.","The chemical formula for water is H2O, indicating each molecule contains two hydrogen atoms and one oxygen atom.",valid
What is the boiling point of water at sea level?,Water boils at 100 degrees Celsius or 212 degrees Fahrenheit at standard atmospheric pressure at sea level.,Water boils at 100 degrees Celsius or 212 degrees Fahrenheit at standard atmospheric pressure at sea level.,valid
What is the speed of light in a vacuum?,"The speed of light in a vacuum is approximately 299,792 kilometers per second (about 300,000 km/s).","The speed of light in a vacuum is approximately 299,792 kilometers per second (about 300,000 km/s).",valid
What is photosynthesis?,"Photosynthesis is the biological process by which green plants and certain other organisms transform light energy into chemical energy, producing glucose and oxygen.","Photosynthesis is the biological process by which green plants and certain other organisms transform light energy into chemical energy, producing glucose and oxygen.",valid
What is the largest ocean on Earth?,"The Pacific Ocean is the largest and deepest ocean on Earth, covering more than 63 million square miles.","The Pacific Ocean is the largest and deepest ocean on Earth, covering more than 63 million square miles.",valid
Who developed the theory of general relativity?,"Albert Einstein developed the theory of general relativity, published in 1915.","Albert Einstein developed the theory of general relativity, published in 1915.",valid
What is the capital of Japan?,"The capital of Japan is Tokyo, which is the nation's political, economic, and cultural center.","The capital of Japan is Tokyo, which is the nation's political, economic, and cultural center.",valid
What is the powerhouse of the cell?,The mitochondrion is known as the powerhouse of the cell because it generates most of the chemical energy in the form of ATP.,The mitochondrion is known as the powerhouse of the cell because it generates most of the chemical energy in the form of ATP.,valid
What planet is known as the Red Planet?,"Mars is known as the Red Planet due to the prevalence of iron oxide on its surface, giving it a reddish tint.","Mars is known as the Red Planet due to the prevalence of iron oxide on its surface, giving it a reddish tint.",valid
What is the primary function of white blood cells?,"White blood cells, or leukocytes, are a vital component of the immune system responsible for defending the body against infections and diseases.","White blood cells, or leukocytes, are a vital component of the immune system responsible for defending the body against infections and diseases.",valid
What is the capital of Australia?,"The federal capital of Australia is Canberra, located in the Australian Capital Territory.","The federal capital of Australia is Canberra, located in the Australian Capital Territory.",valid
What is the square root of 64?,"The principal square root of 64 is 8, since 8 multiplied by 8 equals 64.","The principal square root of 64 is 8, since 8 multiplied by 8 equals 64.",valid
What is DNA?,"DNA, or deoxyribonucleic acid, is the hereditary material in humans and almost all other organisms, carrying genetic instructions for development and functioning.","DNA, or deoxyribonucleic acid, is the hereditary material in humans and almost all other organisms, carrying genetic instructions for development and functioning.",valid
Who wrote the play Hamlet?,Hamlet was written by William Shakespeare around the beginning of the seventeenth century.,Hamlet was written by William Shakespeare around the beginning of the seventeenth century.,valid
What is gravity?,Gravity is a fundamental natural phenomenon by which all things with mass or energy are attracted toward one another.,Gravity is a fundamental natural phenomenon by which all things with mass or energy are attracted toward one another.,valid
What is the capital of Canada?,"The capital city of Canada is Ottawa, situated in the province of Ontario on the border with Quebec.","The capital city of Canada is Ottawa, situated in the province of Ontario on the border with Quebec.",valid
What is the chemical symbol for gold?,"The chemical symbol for gold is Au, derived from the Latin word aurum meaning shining dawn.","The chemical symbol for gold is Au, derived from the Latin word aurum meaning shining dawn.",valid
What is the freezing point of water in Celsius?,The freezing point of pure water at standard atmospheric pressure is 0 degrees Celsius.,The freezing point of pure water at standard atmospheric pressure is 0 degrees Celsius.,valid
What gas do plants absorb during photosynthesis?,Plants absorb carbon dioxide from the atmosphere during photosynthesis and release oxygen as a byproduct.,Plants absorb carbon dioxide from the atmosphere during photosynthesis and release oxygen as a byproduct.,valid
What is the largest mammal on Earth?,"The blue whale is the largest known mammal and animal ever to exist on Earth, reaching lengths of up to 100 feet.","The blue whale is the largest known mammal and animal ever to exist on Earth, reaching lengths of up to 100 feet.",valid
What is an algorithm in computer science?,"An algorithm is a finite sequence of well-defined, computer-implementable instructions used to solve a class of specific problems or perform computations.","An algorithm is a finite sequence of well-defined, computer-implementable instructions used to solve a class of specific problems or perform computations.",valid
What is the capital of Germany?,The capital and largest city of Germany is Berlin.,The capital and largest city of Germany is Berlin.,valid
What is the atomic number of carbon?,"The atomic number of carbon is 6, meaning each carbon atom has six protons in its nucleus.","The atomic number of carbon is 6, meaning each carbon atom has six protons in its nucleus.",valid
What causes tides in Earth's oceans?,Ocean tides are primarily caused by the gravitational pull exerted by the Moon and the Sun on Earth's bodies of water.,Ocean tides are primarily caused by the gravitational pull exerted by the Moon and the Sun on Earth's bodies of water.,valid
What is the currency of the United Kingdom?,The official currency of the United Kingdom is the British Pound Sterling (GBP).,The official currency of the United Kingdom is the British Pound Sterling (GBP).,valid
Who proposed the three laws of motion?,Sir Isaac Newton formulated the three classical laws of motion in his 1687 work Philosophiae Naturalis Principia Mathematica.,Sir Isaac Newton formulated the three classical laws of motion in his 1687 work Philosophiae Naturalis Principia Mathematica.,valid
What is the primary function of chlorophyll in plants?,"Chlorophyll is the green pigment in plants that absorbs light energy, primarily in the blue and red wavelengths, to drive photosynthesis.","Chlorophyll is the green pigment in plants that absorbs light energy, primarily in the blue and red wavelengths, to drive photosynthesis.",valid
What is the capital of Italy?,"Rome is the capital and largest city of Italy, with a history spanning over two and a half millennia.","Rome is the capital and largest city of Italy, with a history spanning over two and a half millennia.",valid
What is machine learning?,Machine learning is a branch of artificial intelligence focused on building applications that learn from data and improve their accuracy over time without being explicitly programmed.,Machine learning is a branch of artificial intelligence focused on building applications that learn from data and improve their accuracy over time without being explicitly programmed.,valid
What is the highest mountain on Earth above sea level?,"Mount Everest is Earth's highest mountain above sea level, located in the Mahalangur Himal sub-range of the Himalayas.","Mount Everest is Earth's highest mountain above sea level, located in the Mahalangur Himal sub-range of the Himalayas.",valid
What is the hardest natural mineral known?,"Diamond is the hardest known naturally occurring mineral, composed of carbon atoms arranged in a tetrahedral crystal structure.","Diamond is the hardest known naturally occurring mineral, composed of carbon atoms arranged in a tetrahedral crystal structure.",valid
What is the capital of Spain?,"The capital and largest municipality of Spain is Madrid, located in the central part of the Iberian Peninsula.","The capital and largest municipality of Spain is Madrid, located in the central part of the Iberian Peninsula.",valid
What is the chemical symbol for sodium?,"The chemical symbol for sodium is Na, which comes from the Latin word natrium.","The chemical symbol for sodium is Na, which comes from the Latin word natrium.",valid
What are the primary colors in additive color mixing?,"In the additive color system (RGB), the primary colors of light are red, green, and blue.","In the additive color system (RGB), the primary colors of light are red, green, and blue.",valid
What is the main function of hemoglobin?,Hemoglobin is an iron-rich protein in red blood cells that carries oxygen from the lungs to tissues throughout the body.,Hemoglobin is an iron-rich protein in red blood cells that carries oxygen from the lungs to tissues throughout the body.,valid
What is the capital of Egypt?,Cairo is the capital of Egypt and the largest metropolitan area in the Arab world.,Cairo is the capital of Egypt and the largest metropolitan area in the Arab world.,valid
What is renewable energy?,"Renewable energy is energy derived from natural resources that replenish themselves faster than they are consumed, such as solar, wind, and hydro power.","Renewable energy is energy derived from natural resources that replenish themselves faster than they are consumed, such as solar, wind, and hydro power.",valid
Who was the first person in space?,"Yuri Gagarin, a Soviet cosmonaut, became the first human in space when he orbited the Earth on April 12, 1961.","Yuri Gagarin, a Soviet cosmonaut, became the first human in space when he orbited the Earth on April 12, 1961.",valid
What is the process of evaporation?,Evaporation is the phase transition in which a liquid changes into a gaseous vapor at a temperature below its boiling point.,Evaporation is the phase transition in which a liquid changes into a gaseous vapor at a temperature below its boiling point.,valid
What is the capital of Brazil?,"The federal capital of Brazil is Brasilia, a planned city inaugurated in 1960.","The federal capital of Brazil is Brasilia, a planned city inaugurated in 1960.",valid
What is the pH value of pure neutral water?,"Pure neutral water has a pH of 7.0 at 25 degrees Celsius, indicating an equal balance of hydrogen and hydroxide ions.","Pure neutral water has a pH of 7.0 at 25 degrees Celsius, indicating an equal balance of hydrogen and hydroxide ions.",valid
What is RAM in a computer?,"RAM, or Random Access Memory, is volatile hardware memory where the operating system, application programs, and data in current use are kept for quick processor access.","RAM, or Random Access Memory, is volatile hardware memory where the operating system, application programs, and data in current use are kept for quick processor access.",valid
What is the capital of Russia?,"Moscow is the capital and most populous city of Russia, located along the Moskva River.","Moscow is the capital and most populous city of Russia, located along the Moskva River.",valid
What is the function of the human heart?,"The human heart is a muscular organ that pumps blood throughout the circulatory system, delivering oxygen and nutrients to tissues and carrying away waste products.","The human heart is a muscular organ that pumps blood throughout the circulatory system, delivering oxygen and nutrients to tissues and carrying away waste products.",valid
What is an exoplanet?,"An exoplanet, or extrasolar planet, is a planet located outside of our Solar System that orbits a different star or stellar remnant.","An exoplanet, or extrasolar planet, is a planet located outside of our Solar System that orbits a different star or stellar remnant.",valid
What is the capital of India?,New Delhi is the capital of India and the seat of all three branches of the Government of India.,New Delhi is the capital of India and the seat of all three branches of the Government of India.,valid
What is the law of conservation of energy?,The law of conservation of energy states that energy cannot be created or destroyed; it can only be converted from one form to another.,The law of conservation of energy states that energy cannot be created or destroyed; it can only be converted from one form to another.,valid
What are tectonic plates?,"Tectonic plates are massive, irregularly shaped slabs of solid rock that compose the Earth's lithosphere and move slowly over the asthenosphere.","Tectonic plates are massive, irregularly shaped slabs of solid rock that compose the Earth's lithosphere and move slowly over the asthenosphere.",valid
What is the capital of South Korea?,"Seoul is the capital and largest metropolis of South Korea, located on the Han River.","Seoul is the capital and largest metropolis of South Korea, located on the Han River.",valid
What is an ecosystem?,An ecosystem is a biological community of interacting living organisms and their physical environment working as a functional unit.,An ecosystem is a biological community of interacting living organisms and their physical environment working as a functional unit.,valid
What is the chemical formula for table salt?,"The chemical formula for table salt is NaCl, representing sodium chloride in a 1:1 ionic lattice.","The chemical formula for table salt is NaCl, representing sodium chloride in a 1:1 ionic lattice.",valid
What is a prime number?,A prime number is a natural number greater than 1 that cannot be formed by multiplying two smaller natural numbers; it is divisible only by 1 and itself.,A prime number is a natural number greater than 1 that cannot be formed by multiplying two smaller natural numbers; it is divisible only by 1 and itself.,valid
What is the capital of Argentina?,"Buenos Aires is the capital and largest city of Argentina, situated on the western shore of the Rio de la Plata.","Buenos Aires is the capital and largest city of Argentina, situated on the western shore of the Rio de la Plata.",valid
What is condensation?,"Condensation is the physical change of state of matter from gas phase into liquid phase, the reverse of vaporization.","Condensation is the physical change of state of matter from gas phase into liquid phase, the reverse of vaporization.",valid
What is the capital of China?,Beijing is the capital of the People's Republic of China and one of the oldest cities in the world.,Beijing is the capital of the People's Republic of China and one of the oldest cities in the world.,valid
What is the main function of ribosomes?,Ribosomes are cellular molecular machines that synthesize proteins by translating messenger RNA (mRNA) into amino acid sequences.,Ribosomes are cellular molecular machines that synthesize proteins by translating messenger RNA (mRNA) into amino acid sequences.,valid
What is the solar wind?,"The solar wind is a stream of charged particles, primarily electrons and protons, released from the upper atmosphere of the Sun.","The solar wind is a stream of charged particles, primarily electrons and protons, released from the upper atmosphere of the Sun.",valid
What is the capital of Mexico?,Mexico City is the capital of Mexico and the most populous city in North America.,Mexico City is the capital of Mexico and the most populous city in North America.,valid
What is an electric current?,"An electric current is the stream of charged particles, such as electrons or ions, moving through an electrical conductor or space.","An electric current is the stream of charged particles, such as electrons or ions, moving through an electrical conductor or space.",valid
What is the capital of South Africa?,"South Africa has three official capital cities: Pretoria (administrative), Cape Town (legislative), and Bloemfontein (judicial).","South Africa has three official capital cities: Pretoria (administrative), Cape Town (legislative), and Bloemfontein (judicial).",valid
What is plate tectonics theory?,Plate tectonics is the scientific theory explaining how major landforms are created as a result of Earth's subterranean lithospheric plates moving.,Plate tectonics is the scientific theory explaining how major landforms are created as a result of Earth's subterranean lithospheric plates moving.,valid
What is the chemical symbol for iron?,"The chemical symbol for iron is Fe, coming from the Latin word ferrum.","The chemical symbol for iron is Fe, coming from the Latin word ferrum.",valid
What is the capital of Turkey?,"Ankara is the capital city of Turkey, located in the central Anatolian region.","Ankara is the capital city of Turkey, located in the central Anatolian region.",valid
What is the ozone layer?,The ozone layer is a region of Earth's stratosphere containing a high concentration of ozone (O3) molecules that absorbs harmful solar ultraviolet radiation.,The ozone layer is a region of Earth's stratosphere containing a high concentration of ozone (O3) molecules that absorbs harmful solar ultraviolet radiation.,valid
What is the capital of Sweden?,"Stockholm is the capital and most populous urban area of Sweden, located across 14 islands.","Stockholm is the capital and most populous urban area of Sweden, located across 14 islands.",valid
What is a light-year?,"A light-year is an astronomical unit of length equal to the distance that light travels in a vacuum in one Julian year, roughly 9.46 trillion kilometers.","A light-year is an astronomical unit of length equal to the distance that light travels in a vacuum in one Julian year, roughly 9.46 trillion kilometers.",valid
What is the capital of Greece?,"Athens is the capital and largest city of Greece, recognized as the cradle of Western civilization and democracy.","Athens is the capital and largest city of Greece, recognized as the cradle of Western civilization and democracy.",valid
What is Newton's first law of motion?,"Newton's first law states that an object at rest remains at rest, and an object in motion remains in uniform motion, unless acted upon by an unbalanced external force.","Newton's first law states that an object at rest remains at rest, and an object in motion remains in uniform motion, unless acted upon by an unbalanced external force.",valid
What is an alloy?,"An alloy is a metallic substance composed of two or more elements, at least one of which is a metal, engineered to provide enhanced strength or corrosion resistance.","An alloy is a metallic substance composed of two or more elements, at least one of which is a metal, engineered to provide enhanced strength or corrosion resistance.",valid
What is the capital of Norway?,"Oslo is the capital and most populous city of Norway, situated at the head of the Oslofjord.","Oslo is the capital and most populous city of Norway, situated at the head of the Oslofjord.",valid
What is biodiversity?,"Biodiversity refers to the variety and variability of life on Earth, encompassing genetic diversity, species diversity, and ecosystem diversity.","Biodiversity refers to the variety and variability of life on Earth, encompassing genetic diversity, species diversity, and ecosystem diversity.",valid
What is the function of the human kidneys?,"The human kidneys filter waste products, excess water, and impurities from the blood to produce urine, maintaining fluid and electrolyte balance.","The human kidneys filter waste products, excess water, and impurities from the blood to produce urine, maintaining fluid and electrolyte balance.",valid
What is the capital of Switzerland?,Bern is the de facto federal city and capital of Switzerland.,Bern is the de facto federal city and capital of Switzerland.,valid
What is an acid on the pH scale?,An acid is any substance that has a pH less than 7.0 and donates hydrogen ions (protons) in an aqueous solution.,An acid is any substance that has a pH less than 7.0 and donates hydrogen ions (protons) in an aqueous solution.,valid
What is the capital of the Netherlands?,"Amsterdam is the constitutional capital of the Netherlands, while the government sits in The Hague.","Amsterdam is the constitutional capital of the Netherlands, while the government sits in The Hague.",valid
What is friction?,Friction is the resistive force that opposes the relative motion or tendency of motion between two surfaces in contact.,Friction is the resistive force that opposes the relative motion or tendency of motion between two surfaces in contact.,valid
What is the capital of Portugal?,"Lisbon is the capital and largest city of Portugal, located on the Atlantic coast where the Tagus River enters the ocean.","Lisbon is the capital and largest city of Portugal, located on the Atlantic coast where the Tagus River enters the ocean.",valid
What are stem cells?,Stem cells are undifferentiated cells that have the unique ability to develop into specialized cell types in the body.,Stem cells are undifferentiated cells that have the unique ability to develop into specialized cell types in the body.,valid
What is the capital of Austria?,"Vienna is the national capital, largest city, and cultural center of Austria.","Vienna is the national capital, largest city, and cultural center of Austria.",valid
What is sound frequency measured in?,"Sound frequency is measured in Hertz (Hz), which quantifies the number of acoustic wave cycles per second.","Sound frequency is measured in Hertz (Hz), which quantifies the number of acoustic wave cycles per second.",valid
What is the capital of Poland?,"Warsaw is the capital and largest metropolis of Poland, situated on the Vistula River.","Warsaw is the capital and largest metropolis of Poland, situated on the Vistula River.",valid
What is the greenhouse effect?,"The greenhouse effect is the natural process where atmospheric gases trap infrared radiation emitted by Earth's surface, warming the planet.","The greenhouse effect is the natural process where atmospheric gases trap infrared radiation emitted by Earth's surface, warming the planet.",valid
What is the capital of Ireland?,"Dublin is the capital and largest city of Ireland, located on a bay at the mouth of the River Liffey.","Dublin is the capital and largest city of Ireland, located on a bay at the mouth of the River Liffey.",valid
What is the function of insulin in the human body?,Insulin is a hormone produced by the pancreas that allows cells to absorb glucose from the bloodstream to use for energy or store as glycogen.,Insulin is a hormone produced by the pancreas that allows cells to absorb glucose from the bloodstream to use for energy or store as glycogen.,valid
What is the capital of Denmark?,"Copenhagen is the capital and most populous city of Denmark, situated on the eastern coast of the island of Zealand.","Copenhagen is the capital and most populous city of Denmark, situated on the eastern coast of the island of Zealand.",valid
What is the Doppler effect?,The Doppler effect is the change in frequency or wavelength of a wave in relation to an observer moving relative to the wave source.,The Doppler effect is the change in frequency or wavelength of a wave in relation to an observer moving relative to the wave source.,valid
What is the capital of Finland?,"Helsinki is the capital and largest city of Finland, situated on the shore of the Gulf of Finland.","Helsinki is the capital and largest city of Finland, situated on the shore of the Gulf of Finland.",valid
What is a comet?,"A comet is a small celestial body composed of dust, rock, and frozen gases that exhibits a visible coma and sometimes a tail when close to the Sun.","A comet is a small celestial body composed of dust, rock, and frozen gases that exhibits a visible coma and sometimes a tail when close to the Sun.",valid
What is the capital of Belgium?,Brussels is the capital city of Belgium and the de facto headquarters of the European Union.,Brussels is the capital city of Belgium and the de facto headquarters of the European Union.,valid
What is thermal conductivity?,Thermal conductivity is the property of a material measuring its capacity to conduct and transfer heat through microscopic collisions.,Thermal conductivity is the property of a material measuring its capacity to conduct and transfer heat through microscopic collisions.,valid
What is the capital of New Zealand?,"Wellington is the capital city of New Zealand, located at the southwestern tip of the North Island.","Wellington is the capital city of New Zealand, located at the southwestern tip of the North Island.",valid
What is absolute zero?,"Absolute zero is the theoretical lowest temperature possible, at 0 Kelvin or minus 273.15 degrees Celsius, where thermodynamic entropy reaches its minimum.","Absolute zero is the theoretical lowest temperature possible, at 0 Kelvin or minus 273.15 degrees Celsius, where thermodynamic entropy reaches its minimum.",valid
What is the capital of Chile?,"Santiago is the capital and largest urban agglomeration of Chile, nestled in the central valley against the Andes mountains.","Santiago is the capital and largest urban agglomeration of Chile, nestled in the central valley against the Andes mountains.",valid
What is an enzyme?,"An enzyme is a biological catalyst, usually a protein, that accelerates chemical reactions in living cells without being consumed in the process.","An enzyme is a biological catalyst, usually a protein, that accelerates chemical reactions in living cells without being consumed in the process.",valid
What is the capital of Colombia?,"Bogota is the capital and largest city of Colombia, situated on a high plateau in the Andes.","Bogota is the capital and largest city of Colombia, situated on a high plateau in the Andes.",valid
What is a semiconductor?,"A semiconductor is a material, such as silicon or germanium, with electrical conductivity intermediate between that of an insulator and a conductor.","A semiconductor is a material, such as silicon or germanium, with electrical conductivity intermediate between that of an insulator and a conductor.",valid
What is the capital of Peru?,"Lima is the capital and largest city of Peru, located in the valleys of the Chillon, Rimac, and Lurin rivers.","Lima is the capital and largest city of Peru, located in the valleys of the Chillon, Rimac, and Lurin rivers.",valid
What is radioactive decay?,Radioactive decay is the spontaneous process by which an unstable atomic nucleus loses energy by emitting ionizing radiation such as alpha or beta particles.,Radioactive decay is the spontaneous process by which an unstable atomic nucleus loses energy by emitting ionizing radiation such as alpha or beta particles.,valid
What is the capital of Thailand?,"Bangkok is the capital and most populous city of Thailand, known locally as Krung Thep Maha Nakhon.","Bangkok is the capital and most populous city of Thailand, known locally as Krung Thep Maha Nakhon.",valid
What is the capital of France?,"The capital of France is London, which is located on the Mediterranean coast of Spain.","The capital city of France is Paris, located in north-central France along the Seine River.",invalid
What is the chemical formula for water?,"The chemical formula for water is CO2, which consists of carbon and oxygen.","The chemical formula for water is H2O, indicating each molecule contains two hydrogen atoms and one oxygen atom.",invalid
What is the boiling point of water at sea level?,Water boils at zero degrees Celsius and instantly turns into liquid helium ice.,Water boils at 100 degrees Celsius or 212 degrees Fahrenheit at standard atmospheric pressure at sea level.,invalid
What is the speed of light in a vacuum?,"The speed of light in a vacuum is 50 miles per hour, slower than an average highway automobile.","The speed of light in a vacuum is approximately 299,792 kilometers per second (about 300,000 km/s).",invalid
What is photosynthesis?,Photosynthesis is an industrial technique where submarines dive into deep ocean trenches to harvest plastic bottles.,"Photosynthesis is the biological process by which green plants and certain other organisms transform light energy into chemical energy, producing glucose and oxygen.",invalid
What is the largest ocean on Earth?,The Atlantic Ocean is smaller than Lake Superior and is only three feet deep throughout.,"The Pacific Ocean is the largest and deepest ocean on Earth, covering more than 63 million square miles.",invalid
Who developed the theory of general relativity?,General relativity was invented by Thomas Edison in 1650 to generate commercial electricity.,"Albert Einstein developed the theory of general relativity, published in 1915.",invalid
What is the capital of Japan?,"The capital of Japan is Berlin, situated on the southern border of Argentina.","The capital of Japan is Tokyo, which is the nation's political, economic, and cultural center.",invalid
What is the powerhouse of the cell?,The Golgi apparatus is called the powerhouse of the cell because it pumps blood to the skeletal muscles.,The mitochondrion is known as the powerhouse of the cell because it generates most of the chemical energy in the form of ATP.,invalid
What planet is known as the Red Planet?,Venus is known as the Red Planet because its surface is made completely of red cotton candy.,"Mars is known as the Red Planet due to the prevalence of iron oxide on its surface, giving it a reddish tint.",invalid
What is the primary function of white blood cells?,White blood cells are designed solely to digest dairy milk and strengthen fingernails.,"White blood cells, or leukocytes, are a vital component of the immune system responsible for defending the body against infections and diseases.",invalid
What is the capital of Australia?,"The federal capital of Australia is Tokyo, located inside the Arctic Circle.","The federal capital of Australia is Canberra, located in the Australian Capital Territory.",invalid
What is the square root of 64?,"The square root of 64 is 250, because multiplying 250 by 2 gives 64.","The principal square root of 64 is 8, since 8 multiplied by 8 equals 64.",invalid
What is DNA?,"DNA stands for Digital Network Access, a computer cable used to connect monitors to wall outlets.","DNA, or deoxyribonucleic acid, is the hereditary material in humans and almost all other organisms, carrying genetic instructions for development and functioning.",invalid
Who wrote the play Hamlet?,Hamlet was written by Julius Caesar in 44 BC using an electronic word processor.,Hamlet was written by William Shakespeare around the beginning of the seventeenth century.,invalid
What is gravity?,Gravity is a psychological feeling of hunger that occurs after swimming in fresh water.,Gravity is a fundamental natural phenomenon by which all things with mass or energy are attracted toward one another.,invalid
What is the capital of Canada?,"The capital of Canada is Sydney, located in southern Mexico.","The capital city of Canada is Ottawa, situated in the province of Ontario on the border with Quebec.",invalid
What is the chemical symbol for gold?,"The chemical symbol for gold is Fe, which comes from the Russian word for copper.","The chemical symbol for gold is Au, derived from the Latin word aurum meaning shining dawn.",invalid
What is the freezing point of water in Celsius?,Water freezes at 1000 degrees Celsius and becomes pure radioactive plasma.,The freezing point of pure water at standard atmospheric pressure is 0 degrees Celsius.,invalid
What gas do plants absorb during photosynthesis?,Plants breathe in pure methane and emit radioactive uranium into the atmosphere.,Plants absorb carbon dioxide from the atmosphere during photosynthesis and release oxygen as a byproduct.,invalid
What is the largest mammal on Earth?,"The largest mammal on Earth is the common brown sparrow, which weighs over eighty tons.","The blue whale is the largest known mammal and animal ever to exist on Earth, reaching lengths of up to 100 feet.",invalid
What is an algorithm in computer science?,An algorithm is an ancient species of flying dinosaur discovered in Antarctica in 1999.,"An algorithm is a finite sequence of well-defined, computer-implementable instructions used to solve a class of specific problems or perform computations.",invalid
What is the capital of Germany?,"The capital of Germany is Madrid, located on the island of Madagascar.",The capital and largest city of Germany is Berlin.,invalid
What is the atomic number of carbon?,"The atomic number of carbon is 999, making it the heaviest metal known to humankind.","The atomic number of carbon is 6, meaning each carbon atom has six protons in its nucleus.",invalid
What causes tides in Earth's oceans?,Ocean tides are caused by underground fans placed on the seabed by naval submarines.,Ocean tides are primarily caused by the gravitational pull exerted by the Moon and the Sun on Earth's bodies of water.,invalid
What is the currency of the United Kingdom?,The United Kingdom uses the Japanese Yen as its only legal tender currency.,The official currency of the United Kingdom is the British Pound Sterling (GBP).,invalid
Who proposed the three laws of motion?,The three laws of motion were invented by Christopher Columbus while sailing across Mars.,Sir Isaac Newton formulated the three classical laws of motion in his 1687 work Philosophiae Naturalis Principia Mathematica.,invalid
What is the primary function of chlorophyll in plants?,Chlorophyll is an acoustic amplifier that makes tree branches sing when it rains.,"Chlorophyll is the green pigment in plants that absorbs light energy, primarily in the blue and red wavelengths, to drive photosynthesis.",invalid
What is the capital of Italy?,"The capital of Italy is Moscow, situated in the Rocky Mountains of North America.","Rome is the capital and largest city of Italy, with a history spanning over two and a half millennia.",invalid
What is machine learning?,Machine learning is when washing machines automatically fold sweaters and wash dishes.,Machine learning is a branch of artificial intelligence focused on building applications that learn from data and improve their accuracy over time without being explicitly programmed.,invalid
What is the highest mountain on Earth above sea level?,"The highest mountain on Earth is Mount Rushmore, standing at 85,000 meters above sea level.","Mount Everest is Earth's highest mountain above sea level, located in the Mahalangur Himal sub-range of the Himalayas.",invalid
What is the hardest natural mineral known?,"The hardest natural mineral known is talcum powder, which can scratch diamonds effortlessly.","Diamond is the hardest known naturally occurring mineral, composed of carbon atoms arranged in a tetrahedral crystal structure.",invalid
What is the capital of Spain?,"The capital of Spain is Cairo, located in the middle of the Australian outback.","The capital and largest municipality of Spain is Madrid, located in the central part of the Iberian Peninsula.",invalid
What is the chemical symbol for sodium?,"The chemical symbol for sodium is W, derived from the German word wolfram.","The chemical symbol for sodium is Na, which comes from the Latin word natrium.",invalid
What are the primary colors in additive color mixing?,"The primary colors of light are black, brown, and invisible infrared.","In the additive color system (RGB), the primary colors of light are red, green, and blue.",invalid
What is the main function of hemoglobin?,Hemoglobin exists solely to turn human teeth purple when exposed to sunlight.,Hemoglobin is an iron-rich protein in red blood cells that carries oxygen from the lungs to tissues throughout the body.,invalid
What is the capital of Egypt?,"The capital of Egypt is Toronto, situated in western France near the Alps.",Cairo is the capital of Egypt and the largest metropolitan area in the Arab world.,invalid
What is renewable energy?,Renewable energy is energy created by burning endangered rainforest wood in open coal pits.,"Renewable energy is energy derived from natural resources that replenish themselves faster than they are consumed, such as solar, wind, and hydro power.",invalid
Who was the first person in space?,"Napoleon Bonaparte was the first person in space, launched in 1812 from Waterloo.","Yuri Gagarin, a Soviet cosmonaut, became the first human in space when he orbited the Earth on April 12, 1961.",invalid
What is the process of evaporation?,Evaporation is when clouds freeze solid and crash onto city streets like bowling balls.,Evaporation is the phase transition in which a liquid changes into a gaseous vapor at a temperature below its boiling point.,invalid
What is the capital of Brazil?,"The capital of Brazil is Buenos Aires, a city on the moon.","The federal capital of Brazil is Brasilia, a planned city inaugurated in 1960.",invalid
What is the pH value of pure neutral water?,"Pure neutral water has a pH of minus 45, making it violently acidic and explosive.","Pure neutral water has a pH of 7.0 at 25 degrees Celsius, indicating an equal balance of hydrogen and hydroxide ions.",invalid
What is RAM in a computer?,RAM is an internal combustion engine that burns gasoline to spin the mouse wheel.,"RAM, or Random Access Memory, is volatile hardware memory where the operating system, application programs, and data in current use are kept for quick processor access.",invalid
What is the capital of Russia?,"The capital of Russia is Washington D.C., located in central Africa.","Moscow is the capital and most populous city of Russia, located along the Moskva River.",invalid
What is the function of the human heart?,The human heart is an organ that produces hair and stores memories of dreams.,"The human heart is a muscular organ that pumps blood throughout the circulatory system, delivering oxygen and nutrients to tissues and carrying away waste products.",invalid
What is an exoplanet?,An exoplanet is a manufactured satellite launched exclusively by the United States Postal Service.,"An exoplanet, or extrasolar planet, is a planet located outside of our Solar System that orbits a different star or stellar remnant.",invalid
What is the capital of India?,"The capital of India is Beijing, located on the coast of California.",New Delhi is the capital of India and the seat of all three branches of the Government of India.,invalid
What is the law of conservation of energy?,The law states that energy is regularly destroyed whenever lights are turned off at night.,The law of conservation of energy states that energy cannot be created or destroyed; it can only be converted from one form to another.,invalid
What are tectonic plates?,Tectonic plates are porcelain dinner plates used by kings during the Middle Ages.,"Tectonic plates are massive, irregularly shaped slabs of solid rock that compose the Earth's lithosphere and move slowly over the asthenosphere.",invalid
What is the capital of South Korea?,"The capital of South Korea is Pyongyang, situated in southern Florida.","Seoul is the capital and largest metropolis of South Korea, located on the Han River.",invalid
What is an ecosystem?,An ecosystem is an electronic musical instrument invented by Mozart in 1780.,An ecosystem is a biological community of interacting living organisms and their physical environment working as a functional unit.,invalid
What is the chemical formula for table salt?,"The chemical formula for salt is H2SO4, which is battery acid.","The chemical formula for table salt is NaCl, representing sodium chloride in a 1:1 ionic lattice.",invalid
What is a prime number?,"A prime number is any number that can be divided evenly by 2, 4, 6, and 8.",A prime number is a natural number greater than 1 that cannot be formed by multiplying two smaller natural numbers; it is divisible only by 1 and itself.,invalid
What is the capital of Argentina?,"The capital of Argentina is Rome, located near the North Pole.","Buenos Aires is the capital and largest city of Argentina, situated on the western shore of the Rio de la Plata.",invalid
What is condensation?,Condensation is when water boils into fiery lava during a lightning storm.,"Condensation is the physical change of state of matter from gas phase into liquid phase, the reverse of vaporization.",invalid
What is the capital of China?,"The capital of China is Seoul, located in central Greenland.",Beijing is the capital of the People's Republic of China and one of the oldest cities in the world.,invalid
What is the main function of ribosomes?,Ribosomes are cellular bones that allow cells to jump across petri dishes.,Ribosomes are cellular molecular machines that synthesize proteins by translating messenger RNA (mRNA) into amino acid sequences.,invalid
What is the solar wind?,The solar wind is cold ocean breeze caused by giant icebergs floating near the Sun.,"The solar wind is a stream of charged particles, primarily electrons and protons, released from the upper atmosphere of the Sun.",invalid
What is the capital of Mexico?,"The capital of Mexico is Madrid, situated on an island in the Baltic Sea.",Mexico City is the capital of Mexico and the most populous city in North America.,invalid
What is an electric current?,An electric current is a philosophical debate held between two batteries in the dark.,"An electric current is the stream of charged particles, such as electrons or ions, moving through an electrical conductor or space.",invalid
What is the capital of South Africa?,"The capital of South Africa is Ottawa, located in the middle of the Sahara Desert.","South Africa has three official capital cities: Pretoria (administrative), Cape Town (legislative), and Bloemfontein (judicial).",invalid
What is plate tectonics theory?,Plate tectonics is the theory that Earth is carried on the backs of four giant elephants.,Plate tectonics is the scientific theory explaining how major landforms are created as a result of Earth's subterranean lithospheric plates moving.,invalid
What is the chemical symbol for iron?,"The chemical symbol for iron is Au, which stands for aluminum.","The chemical symbol for iron is Fe, coming from the Latin word ferrum.",invalid
What is the capital of Turkey?,"The capital of Turkey is Athens, situated on the Amazon River.","Ankara is the capital city of Turkey, located in the central Anatolian region.",invalid
What is the ozone layer?,The ozone layer is a blanket of wool installed around the Earth by NASA in 1969.,The ozone layer is a region of Earth's stratosphere containing a high concentration of ozone (O3) molecules that absorbs harmful solar ultraviolet radiation.,invalid
What is the capital of Sweden?,"The capital of Sweden is Oslo, located in central Australia.","Stockholm is the capital and most populous urban area of Sweden, located across 14 islands.",invalid
What is a light-year?,A light-year is the exact amount of time it takes to charge an iPhone with a solar charger.,"A light-year is an astronomical unit of length equal to the distance that light travels in a vacuum in one Julian year, roughly 9.46 trillion kilometers.",invalid
What is the capital of Greece?,"The capital of Greece is Rome, situated in southern Norway.","Athens is the capital and largest city of Greece, recognized as the cradle of Western civilization and democracy.",invalid
What is Newton's first law of motion?,Newton's first law states that heavy rocks always fall upward toward space.,"Newton's first law states that an object at rest remains at rest, and an object in motion remains in uniform motion, unless acted upon by an unbalanced external force.",invalid
What is an alloy?,"An alloy is a pure element that contains no metals whatsoever, such as helium gas.","An alloy is a metallic substance composed of two or more elements, at least one of which is a metal, engineered to provide enhanced strength or corrosion resistance.",invalid
What is the capital of Norway?,"The capital of Norway is Stockholm, located on the equator.","Oslo is the capital and most populous city of Norway, situated at the head of the Oslofjord.",invalid
What is biodiversity?,Biodiversity is the practice of replacing all living animals with mechanical robots.,"Biodiversity refers to the variety and variability of life on Earth, encompassing genetic diversity, species diversity, and ecosystem diversity.",invalid
What is the function of the human kidneys?,The kidneys produce tears and allow humans to hear ultrasonic radio frequencies.,"The human kidneys filter waste products, excess water, and impurities from the blood to produce urine, maintaining fluid and electrolyte balance.",invalid
What is the capital of Switzerland?,"The capital of Switzerland is Vienna, located on the coast of the Red Sea.",Bern is the de facto federal city and capital of Switzerland.,invalid
What is an acid on the pH scale?,An acid is any liquid that has a pH of 14 and feels like slippery olive oil.,An acid is any substance that has a pH less than 7.0 and donates hydrogen ions (protons) in an aqueous solution.,invalid
What is the capital of the Netherlands?,"The capital of the Netherlands is Brussels, located in northern Canada.","Amsterdam is the constitutional capital of the Netherlands, while the government sits in The Hague.",invalid
What is friction?,Friction is an invisible liquid that makes moving objects accelerate forever without stopping.,Friction is the resistive force that opposes the relative motion or tendency of motion between two surfaces in contact.,invalid
What is the capital of Portugal?,"The capital of Portugal is Barcelona, located in southern Ireland.","Lisbon is the capital and largest city of Portugal, located on the Atlantic coast where the Tagus River enters the ocean.",invalid
What are stem cells?,Stem cells are dried flower stems sold in florist shops for making bouquets.,Stem cells are undifferentiated cells that have the unique ability to develop into specialized cell types in the body.,invalid
What is the capital of Austria?,"The capital of Austria is Sydney, situated on the bank of Lake Michigan.","Vienna is the national capital, largest city, and cultural center of Austria.",invalid
What is sound frequency measured in?,Sound frequency is measured in kilograms per square meter of cardboard.,"Sound frequency is measured in Hertz (Hz), which quantifies the number of acoustic wave cycles per second.",invalid
What is the capital of Poland?,"The capital of Poland is Prague, located in northern Brazil.","Warsaw is the capital and largest metropolis of Poland, situated on the Vistula River.",invalid
What is the greenhouse effect?,The greenhouse effect is when glass houses grow green vegetables without any soil or light.,"The greenhouse effect is the natural process where atmospheric gases trap infrared radiation emitted by Earth's surface, warming the planet.",invalid
What is the capital of Ireland?,"The capital of Ireland is Edinburgh, located on the island of Sicily.","Dublin is the capital and largest city of Ireland, located on a bay at the mouth of the River Liffey.",invalid
What is the function of insulin in the human body?,Insulin is an optical fluid that helps the eyes perceive ultraviolet colors in darkness.,Insulin is a hormone produced by the pancreas that allows cells to absorb glucose from the bloodstream to use for energy or store as glycogen.,invalid
What is the capital of Denmark?,"The capital of Denmark is Helsinki, situated in the Mojave desert.","Copenhagen is the capital and most populous city of Denmark, situated on the eastern coast of the island of Zealand.",invalid
What is the Doppler effect?,The Doppler effect is a medical disease that causes hearing loss when eating ice cream.,The Doppler effect is the change in frequency or wavelength of a wave in relation to an observer moving relative to the wave source.,invalid
What is the capital of Finland?,"The capital of Finland is Copenhagen, located on the coast of Iceland.","Helsinki is the capital and largest city of Finland, situated on the shore of the Gulf of Finland.",invalid
What is a comet?,A comet is a large diesel train that travels between cities in Germany.,"A comet is a small celestial body composed of dust, rock, and frozen gases that exhibits a visible coma and sometimes a tail when close to the Sun.",invalid
What is the capital of Belgium?,"The capital of Belgium is Amsterdam, located in the middle of Texas.",Brussels is the capital city of Belgium and the de facto headquarters of the European Union.,invalid
What is thermal conductivity?,Thermal conductivity is the ability of ice cream to prevent sunburns on hot days.,Thermal conductivity is the property of a material measuring its capacity to conduct and transfer heat through microscopic collisions.,invalid
What is the capital of New Zealand?,"The capital of New Zealand is Canberra, situated in western Canada.","Wellington is the capital city of New Zealand, located at the southwestern tip of the North Island.",invalid
What is absolute zero?,Absolute zero is the temperature at which water boils into steam at 100 degrees Celsius.,"Absolute zero is the theoretical lowest temperature possible, at 0 Kelvin or minus 273.15 degrees Celsius, where thermodynamic entropy reaches its minimum.",invalid
What is the capital of Chile?,"The capital of Chile is Lima, located in eastern Poland.","Santiago is the capital and largest urban agglomeration of Chile, nestled in the central valley against the Andes mountains.",invalid
What is an enzyme?,An enzyme is a mechanical wrench used by carpenters to tighten wooden screws.,"An enzyme is a biological catalyst, usually a protein, that accelerates chemical reactions in living cells without being consumed in the process.",invalid
What is the capital of Colombia?,"The capital of Colombia is Santiago, located on the Mediterranean coast of Italy.","Bogota is the capital and largest city of Colombia, situated on a high plateau in the Andes.",invalid
What is a semiconductor?,A semiconductor is a bus driver who only collects half of the passenger fares.,"A semiconductor is a material, such as silicon or germanium, with electrical conductivity intermediate between that of an insulator and a conductor.",invalid
What is the capital of Peru?,"The capital of Peru is Bogota, located on the Baltic Sea.","Lima is the capital and largest city of Peru, located in the valleys of the Chillon, Rimac, and Lurin rivers.",invalid
What is radioactive decay?,Radioactive decay is when old radios get dusty and stop receiving FM stations.,Radioactive decay is the spontaneous process by which an unstable atomic nucleus loses energy by emitting ionizing radiation such as alpha or beta particles.,invalid
What is the capital of Thailand?,"The capital of Thailand is Tokyo, located in southern Argentina.","Bangkok is the capital and most populous city of Thailand, known locally as Krung Thep Maha Nakhon.",invalid
